GarryDanger," <a href=http://twitter.com/gourjess>@gourjess</a> yeah i could do that but a true test of my atheist faith will be to see if i can give up something i really really love ...twitter",1264590564,http://a1.twimg.com/profile_images/73977258/Photo_2_medium_normal.jpg,http://twitter.com/GarryDanger/statuses/8267525848,8267525848
GarryDanger," are atheists allowed to lent?",1264589875,http://a1.twimg.com/profile_images/73977258/Photo_2_medium_normal.jpg,http://twitter.com/GarryDanger/statuses/8267181474,8267181474
GarryDanger," Movieclubs review of Up in the air :: <a href=http://movieclubnewtown.wordpress.com/>http://movieclubnewtown.wordpress.com/</a>",1264588826,http://a1.twimg.com/profile_images/73977258/Photo_2_medium_normal.jpg,http://twitter.com/GarryDanger/statuses/8266645567,8266645567
GarryDanger," <a href=http://twitter.com/Rohanoz>@Rohanoz</a> bring down some eggs? :)",1264588622,http://a1.twimg.com/profile_images/73977258/Photo_2_medium_normal.jpg,http://twitter.com/GarryDanger/statuses/8266537640,8266537640
GarryDanger," <a href=http://twitter.com/Rohanoz>@Rohanoz</a> thats... so... awesome!!!",1264585257,http://a1.twimg.com/profile_images/73977258/Photo_2_medium_normal.jpg,http://twitter.com/GarryDanger/statuses/8264577144,8264577144
GarryDanger," <a href=http://twitter.com/Rohanoz>@Rohanoz</a> you coming down to the big smoke for v'day?",1264583664,http://a1.twimg.com/profile_images/73977258/Photo_2_medium_normal.jpg,http://twitter.com/GarryDanger/statuses/8263602023,8263602023
GarryDanger," <a href=http://twitter.com/paulom8>@paulom8</a> despacha-te!",1264450102,http://a1.twimg.com/profile_images/73977258/Photo_2_medium_normal.jpg,http://twitter.com/GarryDanger/statuses/8192717817,8192717817
GarryDanger," Worst handrail EVA! :: <a href=http://twitpic.com/zovg7>http://twitpic.com/zovg7</a>",1264442085,http://a1.twimg.com/profile_images/73977258/Photo_2_medium_normal.jpg,http://twitter.com/GarryDanger/statuses/8188965075,8188965075
GarryDanger," 50 math ideas is a light, simple and very interesting read :: <a href=http://www.amazon.com/Mathematical-Ideas-Really-Need-Know/dp/1847240089>http://www.amazon.com/Mathematical-Ideas-Really-Need-Know/dp/1847240089</a>",1264426734,http://a1.twimg.com/profile_images/73977258/Photo_2_medium_normal.jpg,http://twitter.com/GarryDanger/statuses/8183954167,8183954167
GarryDanger," <a href=http://twitter.com/laurenkel>@laurenkel</a> you got a gammy wisdom tooth as well?",1264424661,http://a1.twimg.com/profile_images/73977258/Photo_2_medium_normal.jpg,http://twitter.com/GarryDanger/statuses/8183250458,8183250458
GarryDanger," <a href=http://twitter.com/laurenkel>@laurenkel</a> cheers, I'm on a pretty good stream of pain killers at the moment so it's not that bad :)",1264421046,http://a1.twimg.com/profile_images/73977258/Photo_2_medium_normal.jpg,http://twitter.com/GarryDanger/statuses/8181863992,8181863992
GarryDanger," irrational numbers give me the creeps",1264419156,http://a1.twimg.com/profile_images/73977258/Photo_2_medium_normal.jpg,http://twitter.com/GarryDanger/statuses/8181050921,8181050921
GarryDanger," <a href=http://twitter.com/beilabs>@beilabs</a> did you take the kiwi advice for eating a pie? <a href=http://www.youtube.com/watch?v=aCL_5WfcnnM>http://www.youtube.com/watch?v=aCL_5WfcnnM</a>",1264418771,http://a1.twimg.com/profile_images/73977258/Photo_2_medium_normal.jpg,http://twitter.com/GarryDanger/statuses/8180877930,8180877930
GarryDanger," looks like the pirate bay vpn service has been released to the public just in time for the cleanfeed :: <a href=https://www.ipredator.se/?lang=en>https://www.ipredator.se/?lang=en</a>",1264409264,http://a1.twimg.com/profile_images/73977258/Photo_2_medium_normal.jpg,http://twitter.com/GarryDanger/statuses/8175185164,8175185164
GarryDanger," <a href=http://twitter.com/mwotton>@mwotton</a> lol, that dude is awesome...  The 90's called, they want their 'fail' back.",1264399686,http://a1.twimg.com/profile_images/73977258/Photo_2_medium_normal.jpg,http://twitter.com/GarryDanger/statuses/8169158496,8169158496
GarryDanger," <a href=http://twitter.com/NewtonMark>@NewtonMark</a> what shocked me about the USA is that some phones are so locked in to a carrier that they don't even have sim cards",1264395484,http://a1.twimg.com/profile_images/73977258/Photo_2_medium_normal.jpg,http://twitter.com/GarryDanger/statuses/8166623066,8166623066
GarryDanger," <a href=http://twitter.com/markc>@markc</a> Spider bite?! Nothing too nasty I hope?",1264393083,http://a1.twimg.com/profile_images/73977258/Photo_2_medium_normal.jpg,http://twitter.com/GarryDanger/statuses/8165261221,8165261221
GarryDanger," got a bad wisdom tooth pinching a nerve which is making my right hand numb... guess i better find me a dentist :(",1264376558,http://a1.twimg.com/profile_images/73977258/Photo_2_medium_normal.jpg,http://twitter.com/GarryDanger/statuses/8167748101,8167748101
GarryDanger," <a href=http://twitter.com/scottdools>@scottdools</a> wish I had that parker from yesterday...",1264248096,http://a1.twimg.com/profile_images/73977258/Photo_2_medium_normal.jpg,http://twitter.com/GarryDanger/statuses/8101864607,8101864607
GarryDanger," Just ordered a shamwow. Don't know of I should feel proud or ashamed right now...",1264220252,http://a1.twimg.com/profile_images/73977258/Photo_2_medium_normal.jpg,http://twitter.com/GarryDanger/statuses/8086672928,8086672928
GarryDanger," Checking out the 7 meter bar while it's still around ::  <a href=http://twitpic.com/z6y3u>http://twitpic.com/z6y3u</a>",1264181868,http://a1.twimg.com/profile_images/73977258/Photo_2_medium_normal.jpg,http://twitter.com/GarryDanger/statuses/8066232571,8066232571
GarryDanger," <a href=http://twitter.com/Pigman>@Pigman</a> thats right, gotta get some fake tan, cape made out of the australian flag and a tatoo of the southern cross before they let you in",1264156107,http://a1.twimg.com/profile_images/73977258/Photo_2_medium_normal.jpg,http://twitter.com/GarryDanger/statuses/8056981553,8056981553
GarryDanger," <a href=http://twitter.com/grantjeremy>@grantjeremy</a> we're ready to rock! times on the front and map on the back. <a href=http://twitpic.com/z5u1t>http://twitpic.com/z5u1t</a>",1264155586,http://a1.twimg.com/profile_images/73977258/Photo_2_medium_normal.jpg,http://twitter.com/GarryDanger/statuses/8056710822,8056710822
GarryDanger," <a href=http://twitter.com/joshprice>@joshprice</a> i have teh mad skillz",1264151350,http://a1.twimg.com/profile_images/73977258/Photo_2_medium_normal.jpg,http://twitter.com/GarryDanger/statuses/8054119522,8054119522
GarryDanger," <a href=http://twitter.com/grantjeremy>@grantjeremy</a> ill try and get another one whipped up this arvo!",1264151313,http://a1.twimg.com/profile_images/73977258/Photo_2_medium_normal.jpg,http://twitter.com/GarryDanger/statuses/8054096360,8054096360
GarryDanger," <a href=http://twitter.com/railsninja>@railsninja</a> no :( i just don't have a very photogenic face",1264150380,http://a1.twimg.com/profile_images/73977258/Photo_2_medium_normal.jpg,http://twitter.com/GarryDanger/statuses/8053502052,8053502052
GarryDanger," <a href=http://twitpic.com/z5fe3>http://twitpic.com/z5fe3</a> - laminated and ready to rock \m/",1264149812,http://a1.twimg.com/profile_images/73977258/Photo_2_medium_normal.jpg,http://twitter.com/GarryDanger/statuses/8053153243,8053153243
GarryDanger," I didn't believe it at first but then I heard it's other name... The gospel, so it must be true! ::  <a href=http://twitpic.com/yzwi3>http://twitpic.com/yzwi3</a>",1264056596,http://a1.twimg.com/profile_images/73977258/Photo_2_medium_normal.jpg,http://twitter.com/GarryDanger/statuses/8007267490,8007267490
GarryDanger," Hello 4am! It's rare we meet outside of the weekend but it's been great to see you!",1264029031,http://a1.twimg.com/profile_images/73977258/Photo_2_medium_normal.jpg,http://twitter.com/GarryDanger/statuses/7992428289,7992428289
GarryDanger," <a href=http://twitter.com/lindsayevans>@lindsayevans</a> I'll have a drink with you on your birthday if yourhaving one!",1264008225,http://a1.twimg.com/profile_images/73977258/Photo_2_medium_normal.jpg,http://twitter.com/GarryDanger/statuses/7983519568,7983519568
GarryDanger," <a href=http://twitter.com/mwotton>@mwotton</a> six hours!!",1263991577,http://a1.twimg.com/profile_images/73977258/Photo_2_medium_normal.jpg,http://twitter.com/GarryDanger/statuses/7978299617,7978299617
GarryDanger," Patching WWII damage with legos :: <a href=http://weburbanist.com/2010/01/16/dispatchwork-patching-wwii-damage-with-legos/>http://weburbanist.com/2010/01/16/dispatchwork-patching-wwii-damage-with-legos/</a>",1263985377,http://a1.twimg.com/profile_images/73977258/Photo_2_medium_normal.jpg,http://twitter.com/GarryDanger/statuses/7975720691,7975720691
GarryDanger," Pretty impressed with the JJJ Unearthed app for the iphone. Wonder how much bandwidth it uses?",1263983302,http://a1.twimg.com/profile_images/73977258/Photo_2_medium_normal.jpg,http://twitter.com/GarryDanger/statuses/7974683645,7974683645
GarryDanger," <a href=http://twitter.com/atnan>@atnan</a> sounds like long days. maybe you could get some sponsors and raise some cash for a charity. kinda like a walkathon ...but with bikes",1263980627,http://a1.twimg.com/profile_images/73977258/Photo_2_medium_normal.jpg,http://twitter.com/GarryDanger/statuses/7973157021,7973157021
GarryDanger," <a href=http://twitter.com/atnan>@atnan</a> so what is that, a 3 day ride down there?",1263979003,http://a1.twimg.com/profile_images/73977258/Photo_2_medium_normal.jpg,http://twitter.com/GarryDanger/statuses/7972167197,7972167197
GarryDanger," <a href=http://twitter.com/freshtonic>@freshtonic</a> <a href=http://twitter.com/railsninja>@railsninja</a> god bless nokogiri :)",1263968037,http://a1.twimg.com/profile_images/73977258/Photo_2_medium_normal.jpg,http://twitter.com/GarryDanger/statuses/7965726723,7965726723
GarryDanger," just realised that #railscamp will be happening over my birthday... best present eva!",1263924342,http://a1.twimg.com/profile_images/73977258/Photo_2_medium_normal.jpg,http://twitter.com/GarryDanger/statuses/7942964221,7942964221
GarryDanger," <a href=http://twitter.com/michaelneale>@michaelneale</a> you know what sun tzu would say... Keep your friends close and keep your regular expressions even closer",1263919388,http://a1.twimg.com/profile_images/73977258/Photo_2_medium_normal.jpg,http://twitter.com/GarryDanger/statuses/7941198320,7941198320
GarryDanger," <a href=http://twitter.com/railsninja>@railsninja</a> operation movienight is still on a need to know basis...",1263919212,http://a1.twimg.com/profile_images/73977258/Photo_2_medium_normal.jpg,http://twitter.com/GarryDanger/statuses/7941143373,7941143373
GarryDanger," <a href=http://twitter.com/railsninja>@railsninja</a> yep, just gotta find some movies and we're all set to go!",1263904228,http://a1.twimg.com/profile_images/73977258/Photo_2_medium_normal.jpg,http://twitter.com/GarryDanger/statuses/7936372634,7936372634
GarryDanger," <a href=http://twitter.com/freshtonic>@freshtonic</a> whats a job un-interview?",1263903243,http://a1.twimg.com/profile_images/73977258/Photo_2_medium_normal.jpg,http://twitter.com/GarryDanger/statuses/7935987395,7935987395
GarryDanger," Watching The Lovely Bones for movieclub this week. Its thursday night if you want to come along. <a href=http://movieclubnewtown.wordpress.com/>http://movieclubnewtown.wordpress.com/</a>",1263899916,http://a1.twimg.com/profile_images/73977258/Photo_2_medium_normal.jpg,http://twitter.com/GarryDanger/statuses/7934550741,7934550741
GarryDanger," only one or two spots left for the #rorosyd hack night. better get your spot now if you wanna come! <a href=http://bit.ly/4Pthwg>http://bit.ly/4Pthwg</a>",1263888969,http://a1.twimg.com/profile_images/73977258/Photo_2_medium_normal.jpg,http://twitter.com/GarryDanger/statuses/7928580830,7928580830
GarryDanger," <a href=http://twitter.com/bonus500>@bonus500</a> i likz clowns to",1263843606,http://a1.twimg.com/profile_images/73977258/Photo_2_medium_normal.jpg,http://twitter.com/GarryDanger/statuses/7904101602,7904101602
GarryDanger," <a href=http://twitter.com/phillColeman>@phillColeman</a> cheers, will check it out!",1263833506,http://a1.twimg.com/profile_images/73977258/Photo_2_medium_normal.jpg,http://twitter.com/GarryDanger/statuses/7900180161,7900180161
GarryDanger," finance companies these days are shithouse! #oldmanrant",1263806467,http://a1.twimg.com/profile_images/73977258/Photo_2_medium_normal.jpg,http://twitter.com/GarryDanger/statuses/7889241150,7889241150
GarryDanger," CIT finance sends me a txt saying that I need to call them on a 1800 number. So I ring the number and they say I can't call from my mobile!!",1263806425,http://a1.twimg.com/profile_images/73977258/Photo_2_medium_normal.jpg,http://twitter.com/GarryDanger/statuses/7889211676,7889211676
GarryDanger," Can't wait till I get old and can complain about EVERYTHING!!",1263804537,http://a1.twimg.com/profile_images/73977258/Photo_2_medium_normal.jpg,http://twitter.com/GarryDanger/statuses/7888117185,7888117185
GarryDanger," Have been pair programming all morning, decided to plug in a 2nd monitor with keyboard / mouse. The extra USB on the 17 MBP came in handy",1263801708,http://a1.twimg.com/profile_images/73977258/Photo_2_medium_normal.jpg,http://twitter.com/GarryDanger/statuses/7886434454,7886434454
GarryDanger," woo, got my railscamp ticket!",1263792735,http://a1.twimg.com/profile_images/73977258/Photo_2_medium_normal.jpg,http://twitter.com/GarryDanger/statuses/7881272054,7881272054
GarryDanger," <a href=http://twitter.com/michaelneale>@michaelneale</a> cheers, screen sharing the only way to pair program!",1263792687,http://a1.twimg.com/profile_images/73977258/Photo_2_medium_normal.jpg,http://twitter.com/GarryDanger/statuses/7881246944,7881246944
GarryDanger," anyone know a good screen sharing tool that can be used on windows?",1263792305,http://a1.twimg.com/profile_images/73977258/Photo_2_medium_normal.jpg,http://twitter.com/GarryDanger/statuses/7881048472,7881048472
GarryDanger," is it railscamp yet?",1263789123,http://a1.twimg.com/profile_images/73977258/Photo_2_medium_normal.jpg,http://twitter.com/GarryDanger/statuses/7879397390,7879397390
GarryDanger," <a href=http://twitter.com/grantjeremy>@grantjeremy</a> almost bought a putter online from luisville... almost",1263758499,http://a1.twimg.com/profile_images/73977258/Photo_2_medium_normal.jpg,http://twitter.com/GarryDanger/statuses/7864532646,7864532646
GarryDanger," charging 103.27 for delivery is just plain daylight robbery",1263754232,http://a1.twimg.com/profile_images/73977258/Photo_2_medium_normal.jpg,http://twitter.com/GarryDanger/statuses/7862970296,7862970296
GarryDanger," It's about time I jumped on this bandwagon ::  <a href=http://twitpic.com/yggr9>http://twitpic.com/yggr9</a>",1263729995,http://a1.twimg.com/profile_images/73977258/Photo_2_medium_normal.jpg,http://twitter.com/GarryDanger/statuses/7855067950,7855067950
GarryDanger," <a href=http://twitter.com/Pigman>@Pigman</a>  <a href=http://twitpic.com/yfxsp>http://twitpic.com/yfxsp</a>",1263723601,http://a1.twimg.com/profile_images/73977258/Photo_2_medium_normal.jpg,http://twitter.com/GarryDanger/statuses/7852080485,7852080485
GarryDanger," <a href=http://twitter.com/mwotton>@mwotton</a> I enjoyed this book :: <a href=http://bit.ly/6Dhaq1>http://bit.ly/6Dhaq1</a>",1263716108,http://a1.twimg.com/profile_images/73977258/Photo_2_medium_normal.jpg,http://twitter.com/GarryDanger/statuses/7848191076,7848191076
GarryDanger," Hitting the sydney fc game up later if anyone going wants to grab a beer?",1263715786,http://a1.twimg.com/profile_images/73977258/Photo_2_medium_normal.jpg,http://twitter.com/GarryDanger/statuses/7848024059,7848024059
GarryDanger," <a href=http://twitter.com/Pigman>@Pigman</a> &lt;3 when are we going for a sneaky mojito or two?",1263665744,http://a1.twimg.com/profile_images/73977258/Photo_2_medium_normal.jpg,http://twitter.com/GarryDanger/statuses/7824704404,7824704404
GarryDanger," spent the day with <a href=http://twitter.com/grantjeremy>@grantjeremy</a> picking up some almost vintage golf clubs and then an evening of french conversation in darling harbour",1263659003,http://a1.twimg.com/profile_images/73977258/Photo_2_medium_normal.jpg,http://twitter.com/GarryDanger/statuses/7822759268,7822759268
GarryDanger," Seriously unimpressed with the current state of golf club club technology... Where is all the hickory?",1263628145,http://a1.twimg.com/profile_images/73977258/Photo_2_medium_normal.jpg,http://twitter.com/GarryDanger/statuses/7810472012,7810472012
GarryDanger," <a href=http://twitter.com/jelixx>@jelixx</a> eww, dead pig!",1263555311,http://a1.twimg.com/profile_images/73977258/Photo_2_medium_normal.jpg,http://twitter.com/GarryDanger/statuses/7777480382,7777480382
GarryDanger," i've said it before, but there is no way in hell i could ever be as cool as this 9 year old :: <a href=http://tavi-thenewgirlintown.blogspot.com/>http://tavi-thenewgirlintown.blogspot.com/</a>",1263554831,http://a1.twimg.com/profile_images/73977258/Photo_2_medium_normal.jpg,http://twitter.com/GarryDanger/statuses/7777274957,7777274957
GarryDanger," <a href=http://twitter.com/Pigman>@Pigman</a> mmm, beer",1263554479,http://a1.twimg.com/profile_images/73977258/Photo_2_medium_normal.jpg,http://twitter.com/GarryDanger/statuses/7777127666,7777127666
GarryDanger," <a href=http://twitter.com/michaelneale>@michaelneale</a> I believe the documents are picked up by carrier pigeon and flown physically to the destination... so very crude!",1263548356,http://a1.twimg.com/profile_images/73977258/Photo_2_medium_normal.jpg,http://twitter.com/GarryDanger/statuses/7774137314,7774137314
GarryDanger," just successfully sent a fax!",1263548012,http://a1.twimg.com/profile_images/73977258/Photo_2_medium_normal.jpg,http://twitter.com/GarryDanger/statuses/7773951316,7773951316
GarryDanger," loving <a href=http://whothehell.net/>http://whothehell.net/</a> for info about good local australian musicians",1263465239,http://a1.twimg.com/profile_images/73977258/Photo_2_medium_normal.jpg,http://twitter.com/GarryDanger/statuses/7736338333,7736338333
GarryDanger," Haven't seen a subbies outfit in a while ::  <a href=http://twitpic.com/y04di>http://twitpic.com/y04di</a>",1263460867,http://a1.twimg.com/profile_images/73977258/Photo_2_medium_normal.jpg,http://twitter.com/GarryDanger/statuses/7734070404,7734070404
GarryDanger," going on a road trip with <a href=http://twitter.com/grantjeremy>@grantjeremy</a> this saturday... all the way to the central coast, woo woo!!",1263454415,http://a1.twimg.com/profile_images/73977258/Photo_2_medium_normal.jpg,http://twitter.com/GarryDanger/statuses/7730386571,7730386571
GarryDanger," Peppermint shampoo is the shiznits",1263449122,http://a1.twimg.com/profile_images/73977258/Photo_2_medium_normal.jpg,http://twitter.com/GarryDanger/statuses/7727556975,7727556975
GarryDanger," Was just asked if there was such thing as iPhone addiction...",1263391067,http://a1.twimg.com/profile_images/73977258/Photo_2_medium_normal.jpg,http://twitter.com/GarryDanger/statuses/7701194814,7701194814
GarryDanger," The new woolies in lane cove is a black hole of phone reception, damn, no internets while shopping :(",1263363514,http://a1.twimg.com/profile_images/73977258/Photo_2_medium_normal.jpg,http://twitter.com/GarryDanger/statuses/7689070900,7689070900
GarryDanger," <a href=http://twitter.com/Pigman>@Pigman</a> so you found a mac to use?",1263312291,http://a1.twimg.com/profile_images/73977258/Photo_2_medium_normal.jpg,http://twitter.com/GarryDanger/statuses/7664316272,7664316272
GarryDanger," waiting for <a href=http://twitter.com/railsninja>@railsninja</a> to hurry up so I can mosey on down to #roro",1263299001,http://a1.twimg.com/profile_images/73977258/Photo_2_medium_normal.jpg,http://twitter.com/GarryDanger/statuses/7660340101,7660340101
GarryDanger," <a href=http://twitter.com/lindsayevans>@lindsayevans</a> i've been using tortoise git which seems to be the best of a bunch of bad options",1263298948,http://a1.twimg.com/profile_images/73977258/Photo_2_medium_normal.jpg,http://twitter.com/GarryDanger/statuses/7660321788,7660321788
GarryDanger," <a href=http://twitter.com/lindsayevans>@lindsayevans</a> git-svn?",1263296682,http://a1.twimg.com/profile_images/73977258/Photo_2_medium_normal.jpg,http://twitter.com/GarryDanger/statuses/7659452135,7659452135
GarryDanger," <a href=http://twitter.com/chrislloyd>@chrislloyd</a> the hostels in SF are cheap but can get pretty dodgy, the haight district is a pretty good place to start looking",1263293103,http://a1.twimg.com/profile_images/73977258/Photo_2_medium_normal.jpg,http://twitter.com/GarryDanger/statuses/7657896101,7657896101
GarryDanger," <a href=http://twitter.com/grantjeremy>@grantjeremy</a> <a href=http://esciencenews.com/articles/2010/01/07/golden.ratio.discovered.a.quantum.world>http://esciencenews.com/articles/2010/01/07/golden.ratio.discovered.a.quantum.world</a>",1263291029,http://a1.twimg.com/profile_images/73977258/Photo_2_medium_normal.jpg,http://twitter.com/GarryDanger/statuses/7656869326,7656869326
GarryDanger," who zaps the appzapper? :: <a href=http://appzapper.com/>http://appzapper.com/</a>",1263275620,http://a1.twimg.com/profile_images/73977258/Photo_2_medium_normal.jpg,http://twitter.com/GarryDanger/statuses/7648230579,7648230579
GarryDanger," <a href=http://twitter.com/jelixx>@jelixx</a> that's cute how you quoted homer simpson and not jack nickolson",1263212507,http://a1.twimg.com/profile_images/73977258/Photo_2_medium_normal.jpg,http://twitter.com/GarryDanger/statuses/7621062913,7621062913
GarryDanger," <a href=http://twitter.com/jelixx>@jelixx</a> hot?",1263212040,http://a1.twimg.com/profile_images/73977258/Photo_2_medium_normal.jpg,http://twitter.com/GarryDanger/statuses/7620894892,7620894892
GarryDanger," <a href=http://twitter.com/snapperwolf>@snapperwolf</a> yep, the king st is the one i was thinking about. ill have to pop in and check it out then!",1263204316,http://a1.twimg.com/profile_images/73977258/Photo_2_medium_normal.jpg,http://twitter.com/GarryDanger/statuses/7617528210,7617528210
GarryDanger," <a href=http://twitter.com/snapperwolf>@snapperwolf</a> ever heard of this coffee shop? <a href=http://meccaespresso.com>http://meccaespresso.com</a>",1263199730,http://a1.twimg.com/profile_images/73977258/Photo_2_medium_normal.jpg,http://twitter.com/GarryDanger/statuses/7615156335,7615156335
GarryDanger," <a href=http://twitter.com/beilabs>@beilabs</a> will be interesting to see how that works, aiming to get lots of one off customers or maintaining a small set of quality customers?",1263189150,http://a1.twimg.com/profile_images/73977258/Photo_2_medium_normal.jpg,http://twitter.com/GarryDanger/statuses/7609451519,7609451519
GarryDanger," The review of last weeks movie at movieclub :: <a href=http://movieclubnewtown.wordpress.com/>http://movieclubnewtown.wordpress.com/</a>",1263187632,http://a1.twimg.com/profile_images/73977258/Photo_2_medium_normal.jpg,http://twitter.com/GarryDanger/statuses/7608714490,7608714490
GarryDanger," <a href=http://twitter.com/boymc>@boymc</a> next year? <a href=http://improveverywhere.com/2009/01/14/no-pants-2k9/>http://improveverywhere.com/2009/01/14/no-pants-2k9/</a>",1263184354,http://a1.twimg.com/profile_images/73977258/Photo_2_medium_normal.jpg,http://twitter.com/GarryDanger/statuses/7607134251,7607134251
GarryDanger," <a href=http://twitter.com/jelixx>@jelixx</a> your such a slacker!",1263184173,http://a1.twimg.com/profile_images/73977258/Photo_2_medium_normal.jpg,http://twitter.com/GarryDanger/statuses/7607045063,7607045063
GarryDanger," <a href=http://twitter.com/cjwoodward>@cjwoodward</a> saving myself for tuesday :)",1263183135,http://a1.twimg.com/profile_images/73977258/Photo_2_medium_normal.jpg,http://twitter.com/GarryDanger/statuses/7606550679,7606550679
GarryDanger," in before 9am ...its a officially a new record!!!",1263182305,http://a1.twimg.com/profile_images/73977258/Photo_2_medium_normal.jpg,http://twitter.com/GarryDanger/statuses/7606141298,7606141298
GarryDanger," Looking to beat my personal best time for arriving to work on time today ...insomnia ftw!",1263180053,http://a1.twimg.com/profile_images/73977258/Photo_2_medium_normal.jpg,http://twitter.com/GarryDanger/statuses/7605057888,7605057888
GarryDanger," inspiration for my new golf outfit :: <a href=http://www.columbiamissourian.com/stories/2009/06/06/former-member-inspires-annual-tournament/>http://www.columbiamissourian.com/stories/2009/06/06/former-member-inspires-annual-tournament/</a>",1263161387,http://a1.twimg.com/profile_images/73977258/Photo_2_medium_normal.jpg,http://twitter.com/GarryDanger/statuses/7596435718,7596435718
GarryDanger," <a href=http://twitter.com/railsninja>@railsninja</a> I'll bring your first book into work tomorrow... Lunch?",1263136820,http://a1.twimg.com/profile_images/73977258/Photo_2_medium_normal.jpg,http://twitter.com/GarryDanger/statuses/7588392467,7588392467
GarryDanger," this my my happy place :: <a href=http://photos-e.ak.fbcdn.net/hphotos-ak-snc3/hs164.snc3/19139_257442756008_562451008_3371121_1239360_n.jpg>http://photos-e.ak.fbcdn.net/hphotos-ak-snc3/hs164.snc3/19139_257442756008_562451008_3371121_1239360_n.jpg</a>",1263135842,http://a1.twimg.com/profile_images/73977258/Photo_2_medium_normal.jpg,http://twitter.com/GarryDanger/statuses/7588123318,7588123318
GarryDanger," Thinking about doing the anuall no-pants ride today at 12...",1263095638,http://a1.twimg.com/profile_images/73977258/Photo_2_medium_normal.jpg,http://twitter.com/GarryDanger/statuses/7570395321,7570395321
GarryDanger," <a href=http://twitter.com/jelixx>@jelixx</a> say hi to cartman for me'",1262970949,http://a1.twimg.com/profile_images/73977258/Photo_2_medium_normal.jpg,http://twitter.com/GarryDanger/statuses/7515161592,7515161592
GarryDanger," <a href=http://twitter.com/michaelneale>@michaelneale</a> lol, maybe they think that is the reason for port adelaide sucking so bad in afl?",1262963785,http://a1.twimg.com/profile_images/73977258/Photo_2_medium_normal.jpg,http://twitter.com/GarryDanger/statuses/7513017586,7513017586
GarryDanger," <a href=http://twitter.com/NickHodge>@NickHodge</a> you mean that people from SA arn't jadded from all the pollution that victoria gives them?!",1262963350,http://a1.twimg.com/profile_images/73977258/Photo_2_medium_normal.jpg,http://twitter.com/GarryDanger/statuses/7512889041,7512889041
GarryDanger," <a href=http://twitter.com/IvanVanderbyl>@IvanVanderbyl</a> I'm totally jealous!",1262960493,http://a1.twimg.com/profile_images/73977258/Photo_2_medium_normal.jpg,http://twitter.com/GarryDanger/statuses/7512015638,7512015638
GarryDanger," <a href=http://twitter.com/railsninja>@railsninja</a> <a href=http://amnesiablog.wordpress.com/2010/01/08/adnews-running-competition-to-find-in-house-social-media-expert/>http://amnesiablog.wordpress.com/2010/01/08/adnews-running-competition-to-find-in-house-social-media-expert/</a>",1262939596,http://a1.twimg.com/profile_images/73977258/Photo_2_medium_normal.jpg,http://twitter.com/GarryDanger/statuses/7502478138,7502478138
GarryDanger," <a href=http://twitter.com/boymc>@boymc</a> hey, don't think you and your little girly have gotten out of your kung fu movie appriciation night",1262937065,http://a1.twimg.com/profile_images/73977258/Photo_2_medium_normal.jpg,http://twitter.com/GarryDanger/statuses/7501008489,7501008489
GarryDanger," <a href=http://twitter.com/bizzylittlebee>@bizzylittlebee</a> tall and nerdy?",1262932943,http://a1.twimg.com/profile_images/73977258/Photo_2_medium_normal.jpg,http://twitter.com/GarryDanger/statuses/7498711054,7498711054
GarryDanger," google maps does not like my magic mouse :(",1262932371,http://a1.twimg.com/profile_images/73977258/Photo_2_medium_normal.jpg,http://twitter.com/GarryDanger/statuses/7498405589,7498405589
GarryDanger," <a href=http://twitter.com/boymc>@boymc</a> your going to travel the world and drink tea?",1262930543,http://a1.twimg.com/profile_images/73977258/Photo_2_medium_normal.jpg,http://twitter.com/GarryDanger/statuses/7497521833,7497521833
GarryDanger," Sparkfun servers are down... What a surprise!",1262901378,http://a1.twimg.com/profile_images/73977258/Photo_2_medium_normal.jpg,http://twitter.com/GarryDanger/statuses/7482811749,7482811749
GarryDanger," It's 2:15 and I'm at the bar ordering drinks ...tomorrow is going to be interesting!",1262899032,http://a1.twimg.com/profile_images/73977258/Photo_2_medium_normal.jpg,http://twitter.com/GarryDanger/statuses/7481624108,7481624108
GarryDanger," Celebrating my new found freedom in the spanish quarter, FYI speaking French here is not cool!",1262877596,http://a1.twimg.com/profile_images/73977258/Photo_2_medium_normal.jpg,http://twitter.com/GarryDanger/statuses/7473542697,7473542697
GarryDanger," <a href=http://twitter.com/michaelneale>@michaelneale</a> well lying down is what they do best, right?",1262869201,http://a1.twimg.com/profile_images/73977258/Photo_2_medium_normal.jpg,http://twitter.com/GarryDanger/statuses/7470922207,7470922207
GarryDanger," Why doesn't Sydney have a French quarter?",1262868605,http://a1.twimg.com/profile_images/73977258/Photo_2_medium_normal.jpg,http://twitter.com/GarryDanger/statuses/7470716298,7470716298
GarryDanger," <a href=http://twitter.com/gourjess>@gourjess</a> ok, its done...",1262865330,http://a1.twimg.com/profile_images/73977258/Photo_2_medium_normal.jpg,http://twitter.com/GarryDanger/statuses/7469454292,7469454292
GarryDanger," <a href=http://twitter.com/gourjess>@gourjess</a> well, thats just disgusting missy! this is a delicate matter that needs to be handled in the appropriate big hatted fashion",1262863951,http://a1.twimg.com/profile_images/73977258/Photo_2_medium_normal.jpg,http://twitter.com/GarryDanger/statuses/7468874464,7468874464
GarryDanger," <a href=http://twitter.com/gourjess>@gourjess</a> it will happen today... maybe, and if it doesn't then it will happen tomorrow",1262863583,http://a1.twimg.com/profile_images/73977258/Photo_2_medium_normal.jpg,http://twitter.com/GarryDanger/statuses/7468713602,7468713602
GarryDanger," <a href=http://twitter.com/gourjess>@gourjess</a> its a work in progress...",1262862963,http://a1.twimg.com/profile_images/73977258/Photo_2_medium_normal.jpg,http://twitter.com/GarryDanger/statuses/7468437396,7468437396
GarryDanger," i must say, github is looking pretty sexy these days",1262862491,http://a1.twimg.com/profile_images/73977258/Photo_2_medium_normal.jpg,http://twitter.com/GarryDanger/statuses/7468221946,7468221946
GarryDanger," My desk is a haunting ground of books i've half finished ::  <a href=http://twitpic.com/x0cgb>http://twitpic.com/x0cgb</a>",1262859784,http://a1.twimg.com/profile_images/73977258/Photo_2_medium_normal.jpg,http://twitter.com/GarryDanger/statuses/7466958179,7466958179
GarryDanger," nap time would be nice right about now...",1262855068,http://a1.twimg.com/profile_images/73977258/Photo_2_medium_normal.jpg,http://twitter.com/GarryDanger/statuses/7464468154,7464468154
GarryDanger," a dungeons and dragons party sounds way more fun than a dungeons and dragons club ...apart from the name there is no difference!",1262849137,http://a1.twimg.com/profile_images/73977258/Photo_2_medium_normal.jpg,http://twitter.com/GarryDanger/statuses/7461571010,7461571010
GarryDanger," <a href=http://twitter.com/jelixx>@jelixx</a> I was just on the M getting buzzed up coz I forgot my keys :(",1262842293,http://a1.twimg.com/profile_images/73977258/Photo_2_medium_normal.jpg,http://twitter.com/GarryDanger/statuses/7458106140,7458106140
GarryDanger," My flatemate just came back from two months of treking around nepal... Kinda puts my days of sitting in front of a computer in perspective",1262840315,http://a1.twimg.com/profile_images/73977258/Photo_2_medium_normal.jpg,http://twitter.com/GarryDanger/statuses/7457067467,7457067467
GarryDanger," <a href=http://twitter.com/paulom8>@paulom8</a> that's right, I can finish it now. My best time is just over 5 minutes but I'm getting better!!",1262772008,http://a1.twimg.com/profile_images/73977258/Photo_2_medium_normal.jpg,http://twitter.com/GarryDanger/statuses/7428491621,7428491621
GarryDanger," Finally getting around to using the homemade moroccan spices that <a href=http://twitter.com/grantjeremy>@grantjeremy</a> gave me at our last hack day",1262767603,http://a1.twimg.com/profile_images/73977258/Photo_2_medium_normal.jpg,http://twitter.com/GarryDanger/statuses/7425963455,7425963455
GarryDanger," Impossible to find a store in lane cove that sells a rubix cube :(",1262764428,http://a1.twimg.com/profile_images/73977258/Photo_2_medium_normal.jpg,http://twitter.com/GarryDanger/statuses/7424165430,7424165430
GarryDanger," <a href=http://twitter.com/anathematic>@anathematic</a> haven't seen it yet but can get some tickets for you if you want to check it out :)",1262627985,http://a1.twimg.com/profile_images/73977258/Photo_2_medium_normal.jpg,http://twitter.com/GarryDanger/statuses/7364794626,7364794626
GarryDanger," <a href=http://twitter.com/Mess_Jess>@Mess_Jess</a> zomg I love that store!",1262627885,http://a1.twimg.com/profile_images/73977258/Photo_2_medium_normal.jpg,http://twitter.com/GarryDanger/statuses/7364762392,7364762392
GarryDanger," <a href=http://twitter.com/railsninja>@railsninja</a> i can get a pretty good deal if you want me to get you a ticket as well?",1262607699,http://a1.twimg.com/profile_images/73977258/Photo_2_medium_normal.jpg,http://twitter.com/GarryDanger/statuses/7358687980,7358687980
GarryDanger," <a href=http://twitter.com/grantjeremy>@grantjeremy</a> i know a website so ill grab us some tickets for wed",1262605287,http://a1.twimg.com/profile_images/73977258/Photo_2_medium_normal.jpg,http://twitter.com/GarryDanger/statuses/7357765504,7357765504
GarryDanger," <a href=http://twitter.com/girlmc>@girlmc</a> same thing, bi-annual is twice a year which some indi magazines do and such. quarterly is 4 times a year",1262605137,http://a1.twimg.com/profile_images/73977258/Photo_2_medium_normal.jpg,http://twitter.com/GarryDanger/statuses/7357706080,7357706080
GarryDanger," <a href=http://twitter.com/girlmc>@girlmc</a> once a fortnight",1262603612,http://a1.twimg.com/profile_images/73977258/Photo_2_medium_normal.jpg,http://twitter.com/GarryDanger/statuses/7357079795,7357079795
GarryDanger," <a href=http://twitter.com/grantjeremy>@grantjeremy</a> wednesday?",1262597094,http://a1.twimg.com/profile_images/73977258/Photo_2_medium_normal.jpg,http://twitter.com/GarryDanger/statuses/7354029784,7354029784
GarryDanger," intercepting method calls via a proxy ...in c# :: <a href=http://bit.ly/8JimcU>http://bit.ly/8JimcU</a>",1262596304,http://a1.twimg.com/profile_images/73977258/Photo_2_medium_normal.jpg,http://twitter.com/GarryDanger/statuses/7353636237,7353636237
GarryDanger," Haven't seen avatar yet, anyone up for an excursion to the cinema this week?",1262594705,http://a1.twimg.com/profile_images/73977258/Photo_2_medium_normal.jpg,http://twitter.com/GarryDanger/statuses/7352828611,7352828611
GarryDanger," <a href=http://twitter.com/jelixx>@jelixx</a> not yet...  im procrastinating!!!",1262588684,http://a1.twimg.com/profile_images/73977258/Photo_2_medium_normal.jpg,http://twitter.com/GarryDanger/statuses/7349832102,7349832102
GarryDanger," <a href=http://twitter.com/jelixx>@jelixx</a> that sounds pretty bad... quick coffee after lunch or something?",1262588127,http://a1.twimg.com/profile_images/73977258/Photo_2_medium_normal.jpg,http://twitter.com/GarryDanger/statuses/7349560181,7349560181
GarryDanger," <a href=http://twitter.com/girlmc>@girlmc</a> around the start of feb...",1262587871,http://a1.twimg.com/profile_images/73977258/Photo_2_medium_normal.jpg,http://twitter.com/GarryDanger/statuses/7349440706,7349440706
GarryDanger," <a href=http://twitter.com/jelixx>@jelixx</a> hows things on level M?",1262587198,http://a1.twimg.com/profile_images/73977258/Photo_2_medium_normal.jpg,http://twitter.com/GarryDanger/statuses/7349117954,7349117954
GarryDanger," <a href=http://twitter.com/boymc>@boymc</a> well i wasn't going to hand my resignation in while no one was in the office!",1262587151,http://a1.twimg.com/profile_images/73977258/Photo_2_medium_normal.jpg,http://twitter.com/GarryDanger/statuses/7349096227,7349096227
GarryDanger," <a href=http://twitter.com/cjwoodward>@cjwoodward</a> yep, you pretty much nailed it",1262586973,http://a1.twimg.com/profile_images/73977258/Photo_2_medium_normal.jpg,http://twitter.com/GarryDanger/statuses/7349012818,7349012818
GarryDanger," Big day today, I will be starting my journey along the road plotted by new year resolutions",1262584420,http://a1.twimg.com/profile_images/73977258/Photo_2_medium_normal.jpg,http://twitter.com/GarryDanger/statuses/7347784022,7347784022
GarryDanger," <a href=http://twitter.com/lindsayevans>@lindsayevans</a> select all + delete = inbox zero",1262583786,http://a1.twimg.com/profile_images/73977258/Photo_2_medium_normal.jpg,http://twitter.com/GarryDanger/statuses/7347482786,7347482786
GarryDanger," If I have learned anything from watching movies it's that there is always a way out of an abandoned mine when the entrance has collapsed",1262526096,http://a1.twimg.com/profile_images/73977258/Photo_2_medium_normal.jpg,http://twitter.com/GarryDanger/statuses/7326237251,7326237251
GarryDanger," Came home to one of my flatmates watching tru blood for the first time ...oh how I envy her!",1262458078,http://a1.twimg.com/profile_images/73977258/Photo_2_medium_normal.jpg,http://twitter.com/GarryDanger/statuses/7298786702,7298786702
GarryDanger," Made new friends at the erko tonight, happy new year!",1262455560,http://a1.twimg.com/profile_images/73977258/Photo_2_medium_normal.jpg,http://twitter.com/GarryDanger/statuses/7298141566,7298141566
GarryDanger," <a href=http://twitter.com/anathematic>@anathematic</a> a receipt is confirmation that payment was made and the invoice is a request for payment",1262426469,http://a1.twimg.com/profile_images/73977258/Photo_2_medium_normal.jpg,http://twitter.com/GarryDanger/statuses/7289020684,7289020684
GarryDanger," Anyone know a good taxi finder app for the iphone?",1262356862,http://a1.twimg.com/profile_images/73977258/Photo_2_medium_normal.jpg,http://twitter.com/GarryDanger/statuses/7264861333,7264861333
GarryDanger," <a href=http://twitter.com/jelixx>@jelixx</a> I predict nightmares from watching that film, and yet I loved it as a kid!",1262349378,http://a1.twimg.com/profile_images/73977258/Photo_2_medium_normal.jpg,http://twitter.com/GarryDanger/statuses/7262323557,7262323557
GarryDanger," Independence day is such a bad, bad movie...",1262346930,http://a1.twimg.com/profile_images/73977258/Photo_2_medium_normal.jpg,http://twitter.com/GarryDanger/statuses/7261301897,7261301897
GarryDanger," <a href=http://twitter.com/jelixx>@jelixx</a> happy new year, hope 2010 is better than 2009!",1262300317,http://a1.twimg.com/profile_images/73977258/Photo_2_medium_normal.jpg,http://twitter.com/GarryDanger/statuses/7239992724,7239992724
GarryDanger," Seeya later 2009, don't let the door hit you on the way out!",1262273508,http://a1.twimg.com/profile_images/73977258/Photo_2_medium_normal.jpg,http://twitter.com/GarryDanger/statuses/7229089206,7229089206
GarryDanger," <a href=http://twitter.com/anathematic>@anathematic</a> awesome setup, happy new year!",1262266762,http://a1.twimg.com/profile_images/73977258/Photo_2_medium_normal.jpg,http://twitter.com/GarryDanger/statuses/7226905692,7226905692
GarryDanger," Do not get on victoria rd heading to the city... It's chockers!",1262260837,http://a1.twimg.com/profile_images/73977258/Photo_2_medium_normal.jpg,http://twitter.com/GarryDanger/statuses/7224480497,7224480497
GarryDanger," <a href=http://twitter.com/allistermac>@allistermac</a> skate or die!",1262220086,http://a1.twimg.com/profile_images/73977258/Photo_2_medium_normal.jpg,http://twitter.com/GarryDanger/statuses/7204570700,7204570700
GarryDanger," <a href=http://twitter.com/beilabs>@beilabs</a> you are now officially an Australian, congratulations!!",1262095320,http://a1.twimg.com/profile_images/73977258/Photo_2_medium_normal.jpg,http://twitter.com/GarryDanger/statuses/7153153903,7153153903
GarryDanger," <a href=http://twitter.com/railsninja>@railsninja</a> can't drink, liver will kill me...",1262091080,http://a1.twimg.com/profile_images/73977258/Photo_2_medium_normal.jpg,http://twitter.com/GarryDanger/statuses/7151595340,7151595340
GarryDanger," <a href=http://twitter.com/railsninja>@railsninja</a> needs more rum!",1262089465,http://a1.twimg.com/profile_images/73977258/Photo_2_medium_normal.jpg,http://twitter.com/GarryDanger/statuses/7150944594,7150944594
GarryDanger," <a href=http://twitter.com/cjwoodward>@cjwoodward</a> wow that sucks! I didn't think you could catch that in the middle of summer?",1262088742,http://a1.twimg.com/profile_images/73977258/Photo_2_medium_normal.jpg,http://twitter.com/GarryDanger/statuses/7150642153,7150642153
GarryDanger," <a href=http://twitpic.com/vofn0>http://twitpic.com/vofn0</a> - <a href=http://twitter.com/railsninja>@railsninja</a> didn't you get the memo?",1262079402,http://a1.twimg.com/profile_images/73977258/Photo_2_medium_normal.jpg,http://twitter.com/GarryDanger/statuses/7146115136,7146115136
GarryDanger," Spent the day mastering my rubix cube technique and nursing a xmas hanover.  <a href=http://twitpic.com/vkyj9>http://twitpic.com/vkyj9</a>",1262026828,http://a1.twimg.com/profile_images/73977258/Photo_2_medium_normal.jpg,http://twitter.com/GarryDanger/statuses/7121929210,7121929210
GarryDanger," <a href=http://twitter.com/railsninja>@railsninja</a> plenty!",1261953238,http://a1.twimg.com/profile_images/73977258/Photo_2_medium_normal.jpg,http://twitter.com/GarryDanger/statuses/7093899786,7093899786
GarryDanger," Looking for trouble, what are people doing?",1261933505,http://a1.twimg.com/profile_images/73977258/Photo_2_medium_normal.jpg,http://twitter.com/GarryDanger/statuses/7087791244,7087791244
GarryDanger," <a href=http://twitter.com/allistermac>@allistermac</a> suppose you don't want a drink then?!",1261931840,http://a1.twimg.com/profile_images/73977258/Photo_2_medium_normal.jpg,http://twitter.com/GarryDanger/statuses/7087397293,7087397293
GarryDanger," <a href=http://twitter.com/cjwoodward>@cjwoodward</a> scotch will help!",1261924498,http://a1.twimg.com/profile_images/73977258/Photo_2_medium_normal.jpg,http://twitter.com/GarryDanger/statuses/7085595405,7085595405
GarryDanger," <a href=http://twitter.com/jelixx>@jelixx</a> nah can't make it today, I'm trying to host a post xmas bbq",1261918245,http://a1.twimg.com/profile_images/73977258/Photo_2_medium_normal.jpg,http://twitter.com/GarryDanger/statuses/7083729896,7083729896
GarryDanger," <a href=http://twitter.com/jelixx>@jelixx</a> have a beer for me!",1261918050,http://a1.twimg.com/profile_images/73977258/Photo_2_medium_normal.jpg,http://twitter.com/GarryDanger/statuses/7083665176,7083665176
GarryDanger," <a href=http://twitter.com/railsninja>@railsninja</a> mmm bundy, I thought you would of learned our lessons from railscamp 5",1261845766,http://a1.twimg.com/profile_images/73977258/Photo_2_medium_normal.jpg,http://twitter.com/GarryDanger/statuses/7058397979,7058397979
GarryDanger," The only room in my parents house that gives full 3g reception is my old one... Awesome!",1261815966,http://a1.twimg.com/profile_images/73977258/Photo_2_medium_normal.jpg,http://twitter.com/GarryDanger/statuses/7049193423,7049193423
GarryDanger," Turned up to chrissy dinner about a day late... awkward!",1261740424,http://a1.twimg.com/profile_images/73977258/Photo_2_medium_normal.jpg,http://twitter.com/GarryDanger/statuses/7024051261,7024051261
GarryDanger," <a href=http://twitter.com/allistermac>@allistermac</a> I'm still in newtown... and in soo much trouble with mum right now :)",1261665835,http://a1.twimg.com/profile_images/73977258/Photo_2_medium_normal.jpg,http://twitter.com/GarryDanger/statuses/6994383099,6994383099
GarryDanger," <a href=http://twitter.com/allistermac>@allistermac</a> party on wayne!",1261661665,http://a1.twimg.com/profile_images/73977258/Photo_2_medium_normal.jpg,http://twitter.com/GarryDanger/statuses/6993144928,6993144928
GarryDanger," Why? ::  <a href=http://twitpic.com/uwoa0>http://twitpic.com/uwoa0</a>",1261651559,http://a1.twimg.com/profile_images/73977258/Photo_2_medium_normal.jpg,http://twitter.com/GarryDanger/statuses/6989091151,6989091151
GarryDanger," Can't get off the couch, everything hurts!",1261650249,http://a1.twimg.com/profile_images/73977258/Photo_2_medium_normal.jpg,http://twitter.com/GarryDanger/statuses/6988452601,6988452601
GarryDanger," <a href=http://twitter.com/railsninja>@railsninja</a> yep, I'm so drunk you don't want to of come with me!",1261602486,http://a1.twimg.com/profile_images/73977258/Photo_2_medium_normal.jpg,http://twitter.com/GarryDanger/statuses/6966716824,6966716824
GarryDanger," <a href=http://twitter.com/gourjess>@gourjess</a> &lt;3 it's true, I'm awesome!",1261593759,http://a1.twimg.com/profile_images/73977258/Photo_2_medium_normal.jpg,http://twitter.com/GarryDanger/statuses/6963089759,6963089759
GarryDanger," Watching the footy and not soccer ::  <a href=http://twitpic.com/urw7y>http://twitpic.com/urw7y</a>",1261582804,http://a1.twimg.com/profile_images/73977258/Photo_2_medium_normal.jpg,http://twitter.com/GarryDanger/statuses/6959931497,6959931497
GarryDanger," In which is apparently the longest line for a sydney fc game, eva!",1261578998,http://a1.twimg.com/profile_images/73977258/Photo_2_medium_normal.jpg,http://twitter.com/GarryDanger/statuses/6958901313,6958901313
GarryDanger," Drinks at the art house, all are welcome! Hassah",1261566578,http://a1.twimg.com/profile_images/73977258/Photo_2_medium_normal.jpg,http://twitter.com/GarryDanger/statuses/6954833917,6954833917
GarryDanger," <a href=http://twitter.com/gourjess>@gourjess</a> yeah right, and im the pope of england or something",1261565704,http://a1.twimg.com/profile_images/73977258/Photo_2_medium_normal.jpg,http://twitter.com/GarryDanger/statuses/6954468355,6954468355
GarryDanger," <a href=http://twitter.com/gourjess>@gourjess</a> lets go to the pub!",1261565596,http://a1.twimg.com/profile_images/73977258/Photo_2_medium_normal.jpg,http://twitter.com/GarryDanger/statuses/6954424117,6954424117
GarryDanger," <a href=http://twitter.com/boymc>@boymc</a> I only write features, not bugs!",1261565505,http://a1.twimg.com/profile_images/73977258/Photo_2_medium_normal.jpg,http://twitter.com/GarryDanger/statuses/6954385578,6954385578
GarryDanger," <a href=http://twitter.com/gourjess>@gourjess</a> not at this time of year anyway",1261565463,http://a1.twimg.com/profile_images/73977258/Photo_2_medium_normal.jpg,http://twitter.com/GarryDanger/statuses/6954368239,6954368239
GarryDanger," <a href=http://twitter.com/railsninja>@railsninja</a> keen for a cheeky drink?",1261565419,http://a1.twimg.com/profile_images/73977258/Photo_2_medium_normal.jpg,http://twitter.com/GarryDanger/statuses/6954349573,6954349573
GarryDanger," I am currently looking for distractions from work, please enquire within...",1261565194,http://a1.twimg.com/profile_images/73977258/Photo_2_medium_normal.jpg,http://twitter.com/GarryDanger/statuses/6954255426,6954255426
GarryDanger," totally procrastinating this morning",1261547926,http://a1.twimg.com/profile_images/73977258/Photo_2_medium_normal.jpg,http://twitter.com/GarryDanger/statuses/6946351642,6946351642
GarryDanger," Genova was a technically good movie although the story line was a *tad* slow... some might say, non-existent.",1261507515,http://a1.twimg.com/profile_images/73977258/Photo_2_medium_normal.jpg,http://twitter.com/GarryDanger/statuses/6927771952,6927771952
GarryDanger," Getting fully hectic on norton st",1261490735,http://a1.twimg.com/profile_images/73977258/Photo_2_medium_normal.jpg,http://twitter.com/GarryDanger/statuses/6923073514,6923073514
GarryDanger," <a href=http://twitter.com/jelixx>@jelixx</a> was extremely hungover this morning and clearly delirious... stupid festive season!",1261485213,http://a1.twimg.com/profile_images/73977258/Photo_2_medium_normal.jpg,http://twitter.com/GarryDanger/statuses/6921281880,6921281880
GarryDanger," <a href=http://twitter.com/mess_jess>@mess_jess</a> i really don't know how you can look at contracts all day",1261473310,http://a1.twimg.com/profile_images/73977258/Photo_2_medium_normal.jpg,http://twitter.com/GarryDanger/statuses/6916030452,6916030452
GarryDanger," the best part about working with c# :: <a href=http://xkcd.com/303/>http://xkcd.com/303/</a>",1261472458,http://a1.twimg.com/profile_images/73977258/Photo_2_medium_normal.jpg,http://twitter.com/GarryDanger/statuses/6915589655,6915589655
GarryDanger," <a href=http://twitter.com/MichaelBell_XO>@MichaelBell_XO</a> <a href=http://movieclubnewtown.wordpress.com/>http://movieclubnewtown.wordpress.com/</a>",1261461656,http://a1.twimg.com/profile_images/73977258/Photo_2_medium_normal.jpg,http://twitter.com/GarryDanger/statuses/6910120248,6910120248
GarryDanger," any article beginning with two of my favorite challenges in unconditional derandomization are is bound to be good :: <a href=http://bit.ly/6w4bSb>http://bit.ly/6w4bSb</a>",1261461041,http://a1.twimg.com/profile_images/73977258/Photo_2_medium_normal.jpg,http://twitter.com/GarryDanger/statuses/6909819704,6909819704
GarryDanger," how can melbourneit honestly think its ok to charge 140 for a domain name for 2 years?",1261459969,http://a1.twimg.com/profile_images/73977258/Photo_2_medium_normal.jpg,http://twitter.com/GarryDanger/statuses/6909294554,6909294554
GarryDanger," The bus today looks like a unicorn has shit all over it ::  <a href=http://twitpic.com/uk80p>http://twitpic.com/uk80p</a>",1261458190,http://a1.twimg.com/profile_images/73977258/Photo_2_medium_normal.jpg,http://twitter.com/GarryDanger/statuses/6908414829,6908414829
GarryDanger," <a href=http://twitter.com/MichaelBell_XO>@MichaelBell_XO</a> after work, around 6:30ish",1261456818,http://a1.twimg.com/profile_images/73977258/Photo_2_medium_normal.jpg,http://twitter.com/GarryDanger/statuses/6907790733,6907790733
GarryDanger," <a href=http://twitter.com/gourjess>@gourjess</a> make sure to drink the justice, they have it on tap there!",1261401954,http://a1.twimg.com/profile_images/73977258/Photo_2_medium_normal.jpg,http://twitter.com/GarryDanger/statuses/6886872902,6886872902
GarryDanger," <a href=http://twitter.com/anathematic>@anathematic</a> btw, im pretty sure that ignoring a pics or gtfo request will get you banned from the interwebs... maybe even jail time",1261394405,http://a1.twimg.com/profile_images/73977258/Photo_2_medium_normal.jpg,http://twitter.com/GarryDanger/statuses/6884267559,6884267559
GarryDanger," <a href=http://twitter.com/railsninja>@railsninja</a> meh, ill just pop into the apple store on my way to work tomorrow",1261393303,http://a1.twimg.com/profile_images/73977258/Photo_2_medium_normal.jpg,http://twitter.com/GarryDanger/statuses/6883849024,6883849024
GarryDanger," <a href=http://twitter.com/anathematic>@anathematic</a> cheers, although its a pity i don't have the cable to plug the mbp into the monitor though",1261391996,http://a1.twimg.com/profile_images/73977258/Photo_2_medium_normal.jpg,http://twitter.com/GarryDanger/statuses/6883306030,6883306030
GarryDanger," <a href=http://twitter.com/railsninja>@railsninja</a>  <a href=http://twitpic.com/uggyc>http://twitpic.com/uggyc</a>",1261391673,http://a1.twimg.com/profile_images/73977258/Photo_2_medium_normal.jpg,http://twitter.com/GarryDanger/statuses/6883169097,6883169097
GarryDanger," woo, new monitor at work",1261390327,http://a1.twimg.com/profile_images/73977258/Photo_2_medium_normal.jpg,http://twitter.com/GarryDanger/statuses/6882576798,6882576798
GarryDanger," <a href=http://twitter.com/bonus500>@bonus500</a> i likz clowns to",1263822834,http://a1.twimg.com/profile_images/73977258/Photo_2_medium_normal.jpg,http://twitter.com/GarryDanger/statuses/7904101602,7904101602
GarryDanger," <a href=http://twitter.com/Pigman>@Pigman</a> &lt;3 when are we going for a sneaky mojito or two?",1263644964,http://a1.twimg.com/profile_images/73977258/Photo_2_medium_normal.jpg,http://twitter.com/GarryDanger/statuses/7824704404,7824704404
GarryDanger," Haven't seen a subbies outfit in a while ::  <a href=http://twitpic.com/y04di>http://twitpic.com/y04di</a>",1263440077,http://a1.twimg.com/profile_images/73977258/Photo_2_medium_normal.jpg,http://twitter.com/GarryDanger/statuses/7734070404,7734070404
GarryDanger," The new woolies in lane cove is a black hole of phone reception, damn, no internets while shopping :(",1263342721,http://a1.twimg.com/profile_images/73977258/Photo_2_medium_normal.jpg,http://twitter.com/GarryDanger/statuses/7689070900,7689070900
GarryDanger," waiting for <a href=http://twitter.com/railsninja>@railsninja</a> to hurry up so I can mosey on down to #roro",1263278205,http://a1.twimg.com/profile_images/73977258/Photo_2_medium_normal.jpg,http://twitter.com/GarryDanger/statuses/7660340101,7660340101
GarryDanger," <a href=http://twitter.com/chrislloyd>@chrislloyd</a> the hostels in SF are cheap but can get pretty dodgy, the haight district is a pretty good place to start looking",1263272306,http://a1.twimg.com/profile_images/73977258/Photo_2_medium_normal.jpg,http://twitter.com/GarryDanger/statuses/7657896101,7657896101
GarryDanger," <a href=http://twitter.com/gourjess>@gourjess</a> it will happen today... maybe, and if it doesn't then it will happen tomorrow",1262842767,http://a1.twimg.com/profile_images/73977258/Photo_2_medium_normal.jpg,http://twitter.com/GarryDanger/statuses/7468713602,7468713602
GarryDanger," <a href=http://twitter.com/grantjeremy>@grantjeremy</a> i know a website so ill grab us some tickets for wed",1262584460,http://a1.twimg.com/profile_images/73977258/Photo_2_medium_normal.jpg,http://twitter.com/GarryDanger/statuses/7357765504,7357765504
GarryDanger," <a href=http://twitter.com/jelixx>@jelixx</a> not yet...  im procrastinating!!!",1262567856,http://a1.twimg.com/profile_images/73977258/Photo_2_medium_normal.jpg,http://twitter.com/GarryDanger/statuses/7349832102,7349832102
GarryDanger," Came home to one of my flatmates watching tru blood for the first time ...oh how I envy her!",1262437243,http://a1.twimg.com/profile_images/73977258/Photo_2_medium_normal.jpg,http://twitter.com/GarryDanger/statuses/7298786702,7298786702
GarryDanger," <a href=http://twitter.com/allistermac>@allistermac</a> skate or die!",1262199241,http://a1.twimg.com/profile_images/73977258/Photo_2_medium_normal.jpg,http://twitter.com/GarryDanger/statuses/7204570700,7204570700
GarryDanger," <a href=http://twitter.com/beilabs>@beilabs</a> you are now officially an Australian, congratulations!!",1262074476,http://a1.twimg.com/profile_images/73977258/Photo_2_medium_normal.jpg,http://twitter.com/GarryDanger/statuses/7153153903,7153153903
GarryDanger," Can't get off the couch, everything hurts!",1261629378,http://a1.twimg.com/profile_images/73977258/Photo_2_medium_normal.jpg,http://twitter.com/GarryDanger/statuses/6988452601,6988452601
GarryDanger," any article beginning with two of my favorite challenges in unconditional derandomization are is bound to be good :: <a href=http://bit.ly/6w4bSb>http://bit.ly/6w4bSb</a>",1261440162,http://a1.twimg.com/profile_images/73977258/Photo_2_medium_normal.jpg,http://twitter.com/GarryDanger/statuses/6909819704,6909819704
GarryDanger," <a href=http://twitter.com/gourjess>@gourjess</a> make sure to drink the justice, they have it on tap there!",1261381072,http://a1.twimg.com/profile_images/73977258/Photo_2_medium_normal.jpg,http://twitter.com/GarryDanger/statuses/6886872902,6886872902
GarryDanger," Relaxing on the lounge with just me and my mate jack kerouac to tell a good story",1261279172,http://a1.twimg.com/profile_images/73977258/Photo_2_medium_normal.jpg,http://twitter.com/GarryDanger/statuses/6848513002,6848513002
GarryDanger," RT <a href=http://twitter.com/lolsup>@lolsup</a>: Former Miss Argentina Dies from a Complications of a Butt Job <a href=http://bit.ly/7CBOzV>http://bit.ly/7CBOzV</a>",1259707698,http://a1.twimg.com/profile_images/73977258/Photo_2_medium_normal.jpg,http://twitter.com/GarryDanger/statuses/6249451900,6249451900
GarryDanger," I just generated my #TweetCloud out of a year of my tweets - <a href=http://w33.us/6x4>http://w33.us/6x4</a>",1259473424,http://a1.twimg.com/profile_images/73977258/Photo_2_medium_normal.jpg,http://twitter.com/GarryDanger/statuses/6162472803,6162472803
GarryDanger," <a href=http://twitter.com/anathematic>@anathematic</a> <a href=http://www.threethousand.com.au/>http://www.threethousand.com.au/</a>",1259129114,http://a1.twimg.com/profile_images/73977258/Photo_2_medium_normal.jpg,http://twitter.com/GarryDanger/statuses/6042300602,6042300602
GarryDanger," why is it called a viewmodel and not a viewcontroller and why do i need a layer between the controller and view anyway? #iwishiwasusingruby",1259110414,http://a1.twimg.com/profile_images/73977258/Photo_2_medium_normal.jpg,http://twitter.com/GarryDanger/statuses/6025007001,6025007001
GarryDanger," Just got an email to alert me of a twitter dm which told me to get on Skype so I could IM... yay technology!",1256882347,http://a1.twimg.com/profile_images/73977258/Photo_2_medium_normal.jpg,http://twitter.com/GarryDanger/statuses/5280774000,5280774000
GarryDanger," Heading home to the north shore from another night of slumming in newtown... Tomorrow I test the db migration framework I've been writing!",1256817428,http://a1.twimg.com/profile_images/73977258/Photo_2_medium_normal.jpg,http://twitter.com/GarryDanger/statuses/5256729602,5256729602
GarryDanger," Last time I play a member of Mensa in chess ::  <a href=http://twitpic.com/mkckb>http://twitpic.com/mkckb</a>",1256276914,http://a1.twimg.com/profile_images/73977258/Photo_2_medium_normal.jpg,http://twitter.com/GarryDanger/statuses/5090383700,5090383700
GarryDanger," went to the apple store at lunch... they don't have any of the new mice in stock yet :(",1256100116,http://a1.twimg.com/profile_images/73977258/Photo_2_medium_normal.jpg,http://twitter.com/GarryDanger/statuses/5036886400,5036886400
GarryDanger," wondering if i should spend the 900 to upgrade my mbp to a 256gb ssd?",1255768486,http://a1.twimg.com/profile_images/73977258/Photo_2_medium_normal.jpg,http://twitter.com/GarryDanger/statuses/4938457502,4938457502
GarryDanger," This is hilarious :: <a href=http://bit.ly/16RJBD>http://bit.ly/16RJBD</a>",1255563586,http://a1.twimg.com/profile_images/73977258/Photo_2_medium_normal.jpg,http://twitter.com/GarryDanger/statuses/4874904903,4874904903
GarryDanger," has a feeling that tonight will be the best #roro ever!",1255395776,http://a1.twimg.com/profile_images/73977258/Photo_2_medium_normal.jpg,http://twitter.com/GarryDanger/statuses/4822589703,4822589703
GarryDanger," It may be via nth sydney, but I finally found a bus going to the city!!",1254355549,http://a1.twimg.com/profile_images/73977258/Photo_2_medium_normal.jpg,http://twitter.com/GarryDanger/statuses/4511021003,4511021003
GarryDanger," anger....levels.....rising.....GARRY SMASH!!!",1253576374,http://a1.twimg.com/profile_images/73977258/Photo_2_medium_normal.jpg,http://twitter.com/GarryDanger/statuses/4158607600,4158607600
GarryDanger," <a href=http://twitter.com/lindsayevans>@lindsayevans</a> it was probably your rant on the interwebs... always makes me happy!!",1253006885,http://a1.twimg.com/profile_images/73977258/Photo_2_medium_normal.jpg,http://twitter.com/GarryDanger/statuses/4001349102,4001349102
GarryDanger," does anyone need a C#/Ruby developer... i don't need much, just a monitor that is bigger than my macbook!",1252973665,http://a1.twimg.com/profile_images/73977258/Photo_2_medium_normal.jpg,http://twitter.com/GarryDanger/statuses/3992350801,3992350801
GarryDanger," <a href=http://twitter.com/lolsup>@lolsup</a> I don't like teh newtown but the newtown loves me!",1252912024,http://a1.twimg.com/profile_images/73977258/Photo_2_medium_normal.jpg,http://twitter.com/GarryDanger/statuses/3975672702,3975672702
GarryDanger," <a href=http://twitter.com/boymc>@boymc</a> photos just don't do the whole experience justice, but ill upload some as soon as i get out of the shower... which may take days!",1252288448,http://a1.twimg.com/profile_images/73977258/Photo_2_medium_normal.jpg,http://twitter.com/GarryDanger/statuses/3809718501,3809718501
GarryDanger," <a href=http://twitter.com/MarkBennett>@MarkBennett</a> Good luck to you as well!!",1250902052,http://s3.amazonaws.com/twitter_production/profile_images/73977258/Photo_2_medium_normal.jpg,http://twitter.com/GarryDanger/statuses/3462332704,3462332704
GarryDanger," <a href=http://twitter.com/lindsayevans>@lindsayevans</a> it was beer o'clock like hours ago.... i just feel sorry for the people who have to work with my code next week!",1250835050,http://s3.amazonaws.com/twitter_production/profile_images/73977258/Photo_2_medium_normal.jpg,http://twitter.com/GarryDanger/statuses/3444742203,3444742203
GarryDanger," <a href=http://twitter.com/Arcadeoddie>@Arcadeoddie</a> your about 4 months late mate :)",1249346960,http://s3.amazonaws.com/twitter_production/profile_images/73977258/Photo_2_medium_normal.jpg,http://twitter.com/GarryDanger/statuses/3114894100,3114894100
GarryDanger," <a href=http://twitter.com/gourjess>@gourjess</a> you can't hate me, im too awesome!!!",1248413137,http://s3.amazonaws.com/twitter_production/profile_images/73977258/Photo_2_medium_normal.jpg,http://twitter.com/GarryDanger/statuses/2813481501,2813481501
GarryDanger," proj - project management for vim <a href=http://bit.ly/LAtnj>http://bit.ly/LAtnj</a>",1248222536,http://s3.amazonaws.com/twitter_production/profile_images/73977258/Photo_2_medium_normal.jpg,http://twitter.com/GarryDanger/statuses/2768202903,2768202903
GarryDanger," good to see the british police are keeping up with the times <a href=http://bit.ly/smKVi>http://bit.ly/smKVi</a>",1248052751,http://s3.amazonaws.com/twitter_production/profile_images/73977258/Photo_2_medium_normal.jpg,http://twitter.com/GarryDanger/statuses/2730630703,2730630703
GarryDanger," Got to the party, monty dislocated her knee and now we are heading home... Happy birthday Shirin!",1246772822,http://s3.amazonaws.com/twitter_production/profile_images/73977258/Photo_2_medium_normal.jpg,http://twitter.com/GarryDanger/statuses/2479195402,2479195402
GarryDanger," looking for the worlds largest panadol to quench this fucking hangover",1246497779,http://s3.amazonaws.com/twitter_production/profile_images/73977258/Photo_2_medium_normal.jpg,http://twitter.com/GarryDanger/statuses/2429156901,2429156901
GarryDanger," <a href=http://twitter.com/stephenconroy>@stephenconroy</a> AHHH YOUR A DICKHEAD AND YOU MAKE ME WANT TO SPEAK IN CAPSLOCK&lt; GAAAAAHH~~!!",1246062601,http://s3.amazonaws.com/twitter_production/profile_images/73977258/Photo_2_medium_normal.jpg,http://twitter.com/GarryDanger/statuses/2352436401,2352436401
GarryDanger," currently blogging, maybe ill start reading animal farm later",1233230428,http://s3.amazonaws.com/twitter_production/profile_images/22552662/Photo_17_normal.jpg,http://twitter.com/GarryDanger/statuses/1158222783,1158222783
GarryDanger," is thinking of catching a water taxi to the island where i lost my phone, car keys, half a bottle of rum and the book I was halfway through.",1230631303,http://s3.amazonaws.com/twitter_production/profile_images/22552662/Photo_17_normal.jpg,http://twitter.com/GarryDanger/statuses/1085650538,1085650538
GarryDanger," has a hangover the size of... well, the size of something BIG!",1229837886,http://s3.amazonaws.com/twitter_production/profile_images/22552662/Photo_17_normal.jpg,http://twitter.com/GarryDanger/statuses/1070123773,1070123773
GarryDanger," the nu programming language, written on top of objective-c <a href=http://tinyurl.com/6k5z8m rel=nofollow target=_blank>http://tinyurl.com/6k5z8m</a>",1229205810,http://s3.amazonaws.com/twitter_production/profile_images/22552662/Photo_17_normal.jpg,http://twitter.com/GarryDanger/statuses/1055866913,1055866913
GarryDanger," slept all day and drunk all night... best saturday eva!",1229176956,http://s3.amazonaws.com/twitter_production/profile_images/22552662/Photo_17_normal.jpg,http://twitter.com/GarryDanger/statuses/1055260885,1055260885
GarryDanger," wtf is up with google maps and iphone compatibility?",1229107956,http://s3.amazonaws.com/twitter_production/profile_images/22552662/Photo_17_normal.jpg,http://twitter.com/GarryDanger/statuses/1053926008,1053926008
GarryDanger," im convinced that visual basic is nothing more than a conspiricy from microsoft to make babies cry.",1228987310,http://s3.amazonaws.com/twitter_production/profile_images/22552662/Photo_17_normal.jpg,http://twitter.com/GarryDanger/statuses/1050937058,1050937058
